{"data":[{"abi":"08859","name":"BCC di Segni"},{"abi":"08869","name":"BCC Bergamo e Valli Soc Coop"},{"abi":"08873","name":"BCC di Spinazzola"},{"abi":"08877","name":"BCC di Staranzano e Villesse 14 12 2009"},{"abi":"08881","name":"Credito Cooperativo Bolognese SCrl"},{"abi":"08883","name":"Banca di Bologna Credito Cooperativo - Società Cooperativa"},{"abi":"08887","name":"Credito Cooperativo di San Calogero e Maierato - BCC del Vibonese"},{"abi":"08899","name":"BCC di Treviglio"},{"abi":"08901","name":"BCC di Triuggio e Valle del Lambro"},{"abi":"08904","name":"Banca Prealpi Sanbiagio Credito Cooperativo - Società Cooperativa"},{"abi":"08910","name":"Cassa Rurale ed Artigiana di Vestenanova - Credito Cooperativo - Società Cooperativa"},{"abi":"08913","name":"BCC della Valle del Fitalia"},{"abi":"08917","name":"Credito Trevigiano - BCC"},{"abi":"08922","name":"Banca Alta Toscana Credito Cooperativo - Soc Coop"},{"abi":"08931","name":"Banca Lazio Nord Credito Cooperativo Soc Coop Per Azioni"},{"abi":"08934","name":"Banca di Credito Cooperativo di Villapiana SCrl"},{"abi":"08936","name":"Banca di Credito Cooperativo dell'Alta Marca"},{"abi":"08940","name":"Banca di Credito Cooperativo Bergamasca e Orobica"},{"abi":"08946","name":"Banca Don Rizzo - Credito Cooperativo della Sicilia Occidentale - Società Cooperativa"},{"abi":"08947","name":"BCC \"Don Stella\" di Resuttano"},{"abi":"08948","name":"BCC Ericina di Val D'Erice"},{"abi":"08951","name":"Banca di Credito Cooperativo dei Colli Albani Società Cooperativa"},{"abi":"08952","name":"BCC \"G Toniolo\" di San Cataldo - Caltanissetta"},{"abi":"08953","name":"BCC La Concordia di Pietraperzia"},{"abi":"08958","name":"BCC Mutuo Soccorso di Gangi"},{"abi":"08965","name":"Banca S Biagio del Veneto Orientale di Cesarolo Fossalta di Portogruaro"},{"abi":"08969","name":"Banca San Francesco - Cred Coop Canicattì"},{"abi":"08975","name":"BCC \"S Giusppe\" di Mussumeli"},{"abi":"08976","name":"Banca di Credito Cooperativo San Giuseppe delle Madonie"},{"abi":"08979","name":"BCC San Michele di Caltanissetta e Pietraperzia"},{"abi":"08982","name":"Banca Adria Colli Euganei Credito Cooperativo SC"},{"abi":"08987","name":"Banca di Credito Cooperativo Terra di Lavoro S Vincenzo De'Paoli"},{"abi":"08988","name":"BCC degli Ulivi - Terra di Bari"},{"abi":"08990","name":"BCC - S Stefano - Martellago"},{"abi":"08995","name":"Rivierabanca - Credito Cooperativo di Rimini e Gradara - Societa'Cooperativa"},{"abi":"08997","name":"BCC S Marco dei Cavoti del Sannio 25 07 2011"},{"abi":"09500","name":"Cityposte Payment"},{"abi":"09501","name":"Moneynet"},{"abi":"09506","name":"A-tono Payment Institute SPA"},{"abi":"09513","name":"Maccorp Financial Services Srl"},{"abi":"01005","name":"Banca Nazionale del Lavoro - SPA"},{"abi":"01010","name":"Banco di Napoli SPA"},{"abi":"01015","name":"Banco di Sardegna - SPA"},{"abi":"01020","name":"Banco di Sicilia SPA"},{"abi":"01025","name":"Sanpaolo Imi SPA"},{"abi":"01030","name":"Banca Monte dei Paschi di Siena - SPA"},{"abi":"02008","name":"Unicredit SPA"},{"abi":"03001","name":"Banco Ambrosiano Veneto SPA"},{"abi":"03002","name":"Unicredit Banca di Roma SPA"},{"abi":"03011","name":"Hypo Alpe Adria Bank SPA"},{"abi":"03015","name":"Finecobank Banca Fineco - SPA"},{"abi":"03017","name":"Invest Banca - SPA"},{"abi":"03018","name":"Nova Ljubljanska Banka"},{"abi":"03019","name":"Credito Siciliano"},{"abi":"03032","name":"Credito Emiliano SPA"},{"abi":"03041","name":"Ubs Europe Se Succursale Italia"},{"abi":"03043","name":"Banca Intermobiliare di Investimenti e Gestioni - SPA"},{"abi":"03047","name":"Banca Capasso Antonio - SPA"},{"abi":"03048","name":"Banca del Piemonte - SPA"},{"abi":"03049","name":"Banca Arditi Galati SPA"},{"abi":"03053","name":"Banca Aperta"},{"abi":"03058","name":"Che Banca - SPA"},{"abi":"03059","name":"Banca di Credito Sardo SPA"},{"abi":"03060","name":"Banca Brignone SPA"},{"abi":"03062","name":"Banca Mediolanum - SPA"},{"abi":"03064","name":"Banca Sella Nord Est Bovio Calderari"},{"abi":"03067","name":"Banca Carime SPA"},{"abi":"03069","name":"Intesa Sanpaolo - SPA"},{"abi":"03075","name":"Banca Generali - SPA"},{"abi":"03078","name":"Banca dell'Artigianato e dell' Industria"},{"abi":"03083","name":"Iw Bank - SPA"},{"abi":"03084","name":"Banca Cesare Ponti - SPA"},{"abi":"03087","name":"Banca Finnat Euramerica - SPA"},{"abi":"03089","name":"Credit Suisse Italy - SPA"},{"abi":"03104","name":"Deutsche Bank - SPA"},{"abi":"03110","name":"Farbanca - SPA"},{"abi":"03111","name":"Unione di Banche Italiane - SPA"},{"abi":"03122","name":"Banca della Valle D'Aosta SPA"},{"abi":"03124","name":"Banca del Fucino SPA"},{"abi":"03126","name":"Ca-indosuez Wealth Italy SPA"},{"abi":"03127","name":"Unipol Banca SPA"},{"abi":"03136","name":"Banca del Lavoro e del Piccolo Risparmio"},{"abi":"03138","name":"Banca Reale - SPA"},{"abi":"03139","name":"Banca Per Lo Sviluppo della Cooperazione del Credito"},{"abi":"03140","name":"Mps Banca Personale SPA"},{"abi":"03141","name":"Banca di Treviso SPA"},{"abi":"03142","name":"Banca Sanpaolo Invest SPA"},{"abi":"03149","name":"Banco Emiliano Romagnolo SPA"},{"abi":"03151","name":"Hypo Tirol Bank Ag - SPA"},{"abi":"03158","name":"Banca Sistema SPA"},{"abi":"03159","name":"Banca Consulia SPA"},{"abi":"03165","name":"Iw Bank SPA"},{"abi":"03177","name":"Banca Sai SPA"},{"abi":"03178","name":"Euro Commercial Bank SPA"},{"abi":"03183","name":"Banca Esperia SPA"},{"abi":"03185","name":"Banca Ifigest - SPA"},{"abi":"03190","name":"Ebp Eurobanca Privata SPA"},{"abi":"03195","name":"Banca Commerciale Sammarinese SPA"},{"abi":"03204","name":"Banca di Legnano SPA"},{"abi":"03205","name":"Banca Ifis SPA"},{"abi":"03211","name":"Banca Patrimoni Sella & C - SPA"},{"abi":"03216","name":"Banca 2000"},{"abi":"03223","name":"Unicredit Private Banking SPA"},{"abi":"03229","name":"Banca Modenese SPA"},{"abi":"03235","name":"Banca di SConto e Conti Correnti di S Maria Capua Vetere - SPA"},{"abi":"03239","name":"Intesa Sanpaolo Private Banking - SPA"},{"abi":"03240","name":"Banca di Trento e Bolzano"},{"abi":"03242","name":"Banco di Lucca e del Tirreno - SPA"},{"abi":"03244","name":"Banca di Valle Camonica SPA"},{"abi":"03245","name":"Credito Veronese SPA"},{"abi":"03250","name":"Banca Euromobiliare - SPA"},{"abi":"03253","name":"Banca Federico del Vecchio SPA"},{"abi":"03263","name":"Ibl Banca - Istituto Bancario del Lavoro SPA"},{"abi":"03265","name":"Banca Promos - SPA"},{"abi":"03266","name":"Banca Finanziaria Internazionale SPA - Banca Finint"},{"abi":"03268","name":"Banca Sella - SPA"},{"abi":"03279","name":"Santander Private Banking"},{"abi":"03296","name":"Banca Fideuram - SPA"},{"abi":"03300","name":"Banca della Ciociaria SPA"},{"abi":"03301","name":"Cassa di Risparmio di Milano e della Lombardia"},{"abi":"03312","name":"Banca del Sud - Banca Mercantile Italiana SPA"},{"abi":"03323","name":"Gbm Banca - SPA"},{"abi":"03330","name":"Banca Interregionale SPA"},{"abi":"03332","name":"Banca Passadore & C - SPA"},{"abi":"03336","name":"Credito Bergamasco"},{"abi":"03338","name":"Serfina Banca SPA"},{"abi":"03353","name":"Banca del Sud - SPA"},{"abi":"03357","name":"Banca A G C I"},{"abi":"03359","name":"Banca Prossima SPA"},{"abi":"03365","name":"Banco delle Tre Venezie"},{"abi":"03387","name":"Banque Chaabi Du Maroc"},{"abi":"03388","name":"Banca Stabiese - SPA"},{"abi":"03395","name":"Illimity Bank SPA"},{"abi":"03399","name":"Extrabanca - SPA"},{"abi":"03400","name":"Banca Toscana SPA"},{"abi":"03402","name":"Webank"},{"abi":"03403","name":"Imprebanca - SPA"},{"abi":"03417","name":"Banca Privata Leasing - SPA"},{"abi":"03424","name":"Banco Chiavari e della Riviera Ligure SPA"},{"abi":"03425","name":"Banco di Credito P Azzoaglio - SPA"},{"abi":"03426","name":"Banca di Credito Peloritano - SPA"},{"abi":"03431","name":"Banca Carige Italia SPA"},{"abi":"03440","name":"Banco di Desio e della Brianza - SPA"},{"abi":"03441","name":"Banca Sviluppo Tuscia"},{"abi":"03442","name":"Widiba - Wise Dialog Bank SPA"},{"abi":"03488","name":"Cassa Lombarda - SPA"},{"abi":"03493","name":"Cassa Centrale Raiffeisen dell'Alto Adige - SPA"},{"abi":"03500","name":"Banco di Brescia San Paolo SPA"},{"abi":"03512","name":"Credito Artigiano SPA"},{"abi":"03556","name":"Rolo Banca 1473 SPA"},{"abi":"03589","name":"Allianz Bank Financial Advisors - SPA"},{"abi":"03598","name":"Banca Ubae SPA"},{"abi":"03599","name":"Cassa Centrale SPA"},{"abi":"05000","name":"Depobank - Banca Depositaria Italiana SPA"},{"abi":"05009","name":"Banca Bipielle Romagna SPA"},{"abi":"05015","name":"Banca Progetto SPA"},{"abi":"05022","name":"Banca Popolare Credieuronord SCrl"},{"abi":"05023","name":"Banca Regionale di Sviluppo - SPA"},{"abi":"05024","name":"Banca Agricola Mantovana SPA"},{"abi":"05025","name":"Banca Farnese"},{"abi":"05027","name":"Banca Popolare Valle di Itria e Magna Grecia"},{"abi":"05029","name":"Igea Digital Bank - SPA"},{"abi":"05030","name":"Vivibanca - SPA"},{"abi":"05033","name":"Banca Popolare delle Province Molisane - Società Cooperativa Per Azioni A Responsabilità Limitata"},{"abi":"05034","name":"Banco Bpm - SPA"},{"abi":"05035","name":"Veneto Banca SPA"},{"abi":"05036","name":"Banca Agricola Popolare di Ragusa - Società Cooperativa Per Azioni"},{"abi":"05037","name":"Banca Popolare delle Province Calabre"},{"abi":"05038","name":"Banca Popolare del Mediterraneo - Società Cooperativa Per Azioni"},{"abi":"05040","name":"Banca Antonveneta"},{"abi":"05048","name":"Banca Popolare Commercio e Industria"},{"abi":"05060","name":"Banca Cooperativa Cattolica"},{"abi":"05080","name":"Banca di Imola - SPA"},{"abi":"05104","name":"Banca Popolare del Lazio - Società Cooperativa"},{"abi":"05116","name":"Banca Valsabbina - Società Cooperativa Per Azioni"},{"abi":"05132","name":"Banca Nuova SPA"},{"abi":"05142","name":"Banca di Credito Popolare - Società Cooperativa Per Azioni"},{"abi":"05156","name":"Banca di Piacenza - Società Cooperativa Per Azioni"},{"abi":"05164","name":"Banca Popolare di Lodi"},{"abi":"05188","name":"Banca Popolare di Verona - S Geminiano e S Prospero"},{"abi":"05204","name":"Banca Popolare di Mantova"},{"abi":"05216","name":"Banca Piccolo Credito Valtellinese - SPA"},{"abi":"05228","name":"Banca Popolare di Crema"},{"abi":"05232","name":"Banca Popolare di Lajatico - Società Cooperativa Per Azioni"},{"abi":"05256","name":"Banca Popolare del Mezzogiorno"},{"abi":"05262","name":"Banca Popolare Pugliese - Società Cooperativa Per Azioni"},{"abi":"05290","name":"Banca Popolare del Trentino"},{"abi":"05296","name":"Banca Popolare di Fondi - Società Cooperativa"},{"abi":"05297","name":"Banca Popolare del Frusinate - Società Cooperativa Per Azioni"},{"abi":"05308","name":"Banca Popolare di Ancona"},{"abi":"05336","name":"Crédit Agricole Friuladria SPA"},{"abi":"05352","name":"Banca Popolare di Todi"},{"abi":"05372","name":"Banca Popolare del Cassinate - Società Cooperativa Per Azioni"},{"abi":"05385","name":"Banca Popolare di Puglia e Basilicata - Società Cooperativa Per Azioni"},{"abi":"05387","name":"Bper Banca - SPA"},{"abi":"05390","name":"Banca Popolare dell'Etruria e del Lazio SCrl"},{"abi":"05392","name":"Banca della Campania SPA"},{"abi":"05398","name":"Banca Popolare del Materano"},{"abi":"05414","name":"Banca Popolare di Aprilia"},{"abi":"05424","name":"Banca Popolare di Bari - Società Cooperativa Per Azioni"},{"abi":"05428","name":"Banca Popolare di Bergamo"},{"abi":"05437","name":"Bipop Carire"},{"abi":"05484","name":"Banca di Cividale SC P A - Civibank"},{"abi":"05496","name":"Banca Popolare di Cortona - Società Cooperativa Per Azioni"},{"abi":"05512","name":"Banca Popolare di Cremona"},{"abi":"05526","name":"Banco San Giorgio"},{"abi":"05550","name":"Banca Popolare di Lanciano e Sulmona"},{"abi":"05556","name":"Banca Popolare di Luino e Varese"},{"abi":"05572","name":"Banca Popolare di Marostica"},{"abi":"05584","name":"Banca Popolare di Milano"},{"abi":"05600","name":"Banca Popolare di Napoli"},{"abi":"05602","name":"Banca Popolare Vesuviana - Società Cooperativa"},{"abi":"05608","name":"Banca Popolare di Novara"},{"abi":"05630","name":"Banca Network Investimenti"},{"abi":"05640","name":"Banca Popolare di Ravenna"},{"abi":"05650","name":"Banca Popolare di Roma"},{"abi":"05652","name":"Sanfelice 1893 Banca Popolare Soc Coop Per Azioni"},{"abi":"05676","name":"Bibanca SPA"},{"abi":"05696","name":"Banca Popolare di Sondrio - Società Cooperativa Per Azioni"},{"abi":"05704","name":"Banca Popolare di Spoleto"},{"abi":"05728","name":"Banca Popolare di Vicenza"},{"abi":"05748","name":"Banca dell’Adriatico"},{"abi":"05772","name":"Banca Popolare Sant'Angelo - Società Cooperativa Per Azioni"},{"abi":"05787","name":"Bancapulia SPA"},{"abi":"05792","name":"Banca Popolare Valconca SPA"},{"abi":"05824","name":"Cassa di Sovvenzioni e Risparmio Fra Il Personale della Banca D'Italia - Società Cooperativa Per Azioni"},{"abi":"05856","name":"Banca Popolare dell'Alto Adige - SPA"},{"abi":"06010","name":"Cassa dei Risparmi di Forlì e della Romagna"},{"abi":"06015","name":"C R Livorno"},{"abi":"06030","name":"C R della Spezia"},{"abi":"06035","name":"Cassamarca"},{"abi":"06040","name":"Carispaq"},{"abi":"06045","name":"Cassa di Risparmio di Bolzano - SPA"},{"abi":"06050","name":"Banca Teatina SPA"},{"abi":"06055","name":"Banca delle Marche SPA"},{"abi":"06060","name":"Tercas - Cassa di Risp della Prov di Teramo"},{"abi":"06065","name":"Cassa di Risparmio della Provincia di Viterbo"},{"abi":"06070","name":"Cariplo SPA"},{"abi":"06075","name":"Cassa di Risparmio di Alessandria SPA"},{"abi":"06080","name":"Cassa di Risparmio di Ascoli Piceno"},{"abi":"06085","name":"Cassa di Risparmio di Asti - SPA"},{"abi":"06090","name":"Cassa di Risparmio di Biella e Vercelli - SPA"},{"abi":"06095","name":"Cassa di Risparmio di Bra SPA"},{"abi":"06105","name":"Cassa di Risparmio Carpi SPA"},{"abi":"06110","name":"Cassa di Risparmio di Carrara"},{"abi":"06115","name":"Cassa di Risparmio di Cento - SPA"},{"abi":"06120","name":"Cassa di Risparmio di Cesena SPA"},{"abi":"06125","name":"Cassa di Risparmio di Citta di Castello"},{"abi":"06130","name":"Cassa di Risparmio di Civitavecchia"},{"abi":"06140","name":"Cassa di Risparmio di Fabriano e Cupramontana"},{"abi":"06145","name":"Cassa di Risparmio di Fano SPA"},{"abi":"06150","name":"Cassa di Risparmio di Fermo - SPA"},{"abi":"06155","name":"Cassa di Risparmio di Ferrara"},{"abi":"06160","name":"Cassa di Risparmio di Firenze"},{"abi":"06165","name":"Cassa di Risparmio di Foligno"},{"abi":"06170","name":"Cassa di Risparmio di Fossano - SPA"},{"abi":"06175","name":"Banca Carige - Cassa di Risparmio di Genova e Imperia - SPA"},{"abi":"06185","name":"Banca Bipielle Adriatico SPA"},{"abi":"06195","name":"Cassa di Risparmio di Loreto SPA"},{"abi":"06200","name":"Cassa di Risparmio di Lucca Pisa e Livorno"},{"abi":"06205","name":"Banca di Romagna SPA"},{"abi":"06220","name":"Cassa di Risparmio di Orvieto - SPA"},{"abi":"06225","name":"Cassa di Risparmio del Veneto"},{"abi":"06230","name":"Crédit Agricole Italia SPA"},{"abi":"06235","name":"Banca dell'Umbria 1462 SPA"},{"abi":"06245","name":"Banca Caripe SPA"},{"abi":"06255","name":"Cassa di Risparmio di Pisa SPA"},{"abi":"06270","name":"La Cassa di Ravenna - SPA"},{"abi":"06280","name":"Cassa di Risparmio di Rieti"},{"abi":"06285","name":"Banca Carim - Cassa di Risparmio di Rimini SPA"},{"abi":"06295","name":"Cassa di Risparmio di Saluzzo SPA"},{"abi":"06305","name":"Banca Cassa di Risparmio di Savigliano - SPA"},{"abi":"06310","name":"Cassa di Risparmio di Savona SPA"},{"abi":"06315","name":"Casse di Risparmio dell'Umbria"},{"abi":"06320","name":"Banca Crt - Cassa di Risparmio D Itorino"},{"abi":"06330","name":"C R Trento e Rovereto"},{"abi":"06335","name":"Cassa di Risparmio di Trieste"},{"abi":"06340","name":"Cassa di Risparmio del Friuli Venezia Giulia"},{"abi":"06345","name":"Cassa di Risparmio di Venezia SPA"},{"abi":"06355","name":"Cariverona SPA"},{"abi":"06365","name":"Cassa di Risparmio di Vignola"},{"abi":"06370","name":"Cassa di Risparmio di Volterra - SPA"},{"abi":"06380","name":"Cassa di Risparmio di Terni e Narni"},{"abi":"06385","name":"Cassa di Risparmio In Bologna SPA"},{"abi":"06906","name":"Banca Regionale Europea SPA"},{"abi":"06915","name":"Banca del Monte di Lucca - SPA"},{"abi":"06930","name":"Banca Monte Parma SPA"},{"abi":"06950","name":"Banca del Monte e Cassa di Risparmio di Faenza"},{"abi":"07012","name":"Banca di Credito Cooperativo di Bari"},{"abi":"07013","name":"Banca di Credito Cooperativo Basso Molise"},{"abi":"07017","name":"Banca di Credito Cooperativo del Circeo e Privernate - Società Cooperativa"},{"abi":"07048","name":"Banca di Credito Cooperativo dell'Elba"},{"abi":"07055","name":"Banca di Lucca di Credito Cooperativo"},{"abi":"07062","name":"Banca di Credito Cooperativo Mediocrati"},{"abi":"07066","name":"Banca di Credito Cooperativo dei Comuni Cilentani"},{"abi":"07070","name":"Credito Cooperativo Romagnolo - BCC di Cesena e Gatteo - Societa Cooperativa"},{"abi":"07072","name":"Emil Banca - Credito Cooperativo"},{"abi":"07074","name":"Banca di Monastier e del Sile - Credito Cooperativo"},{"abi":"07075","name":"BCC Umbria Credito Cooperativo Soc Coop"},{"abi":"07076","name":"Banca di Credito Cooperativo Cremasca e Mantovana"},{"abi":"07079","name":"Banca Catone di Credito Cooperativo"},{"abi":"07081","name":"Banca di Ascoli di Credito Cooperativo"},{"abi":"07084","name":"Banca della Marca - Credito Cooperativo"},{"abi":"07085","name":"Credito Cooperativo Friuli - Società Cooperativa"},{"abi":"07086","name":"Banca di Credito Cooperativo dell'Adriatico Teramano"},{"abi":"07087","name":"Banca di Credito Cooperativo di Taranto"},{"abi":"07091","name":"Banca di Credito Cooperativo del Catanzarese"},{"abi":"07094","name":"Banca di Credito Cooperativo di Massafra"},{"abi":"07096","name":"Banca di Credito Cooperativo di Cagliari"},{"abi":"07101","name":"Banca di Credito Cooperativo di Andria"},{"abi":"07108","name":"Banca di Credito Cooperativo Agrigentino"},{"abi":"07110","name":"Banca di Credito Cooperativo di Napoli"},{"abi":"07113","name":"Banca di Credito Cooperativo di Putignano"},{"abi":"07535","name":"Banca del Monte di Foggia SPA"},{"abi":"08003","name":"Vival Banca Banca di Credito Cooperativo di Montecatini Terme Bientina e S Pietro In Vincio SC"},{"abi":"08010","name":"Cassa Raiffeisen Val Badia SCrl"},{"abi":"08015","name":"Cassa Raiffeisen di Andriano Soc"},{"abi":"08020","name":"Cassa Raiffeisen Alta Pusteria"},{"abi":"08021","name":"Banca di Credito Cooperativo Sud Friuli"},{"abi":"08030","name":"Banca di Credito Cooperativo di Borghetto Lodigiano"},{"abi":"08033","name":"Cassa Raiffeisen di Bronzolo-ora"},{"abi":"08035","name":"Cassa Raiffeisen di Brunico SCrl"},{"abi":"08056","name":"Cassa Raiffeisen Castelrotto"},{"abi":"08078","name":"Cassa Rurale Giudicarie Valsabbia Paganella Banca di Credito Cooperativo - Società Cooperativa"},{"abi":"08080","name":"Cassa Raiffeisen di Dobbiaco SCrl"},{"abi":"08081","name":"Cassa Rurale di Bolzano"},{"abi":"08086","name":"Banca di Credito Cooperativo di Falconara Marittina"},{"abi":"08089","name":"Cassa Raiffeisen Fie'Allo SCili"},{"abi":"08095","name":"Banca di Credito Cooperativo di Reggiano"},{"abi":"08112","name":"Cassa Raiffeisen di Lagundo SCrl"},{"abi":"08113","name":"Cassa Raiffeisen Bassa Vall'Isarco"},{"abi":"08114","name":"Cassa Raiffeisen Bassa Atesina"},{"abi":"08115","name":"Cassa Raiffeisen di Lana"},{"abi":"08126","name":"Banca di Credito Cooperativo di Montepaone"},{"abi":"08133","name":"Cassa Raiffeisen Merano"},{"abi":"08134","name":"Cassa Raiffeisen di Marlengo"},{"abi":"08148","name":"Cassa Rurale di Monguelfo Casies Tesido"},{"abi":"08149","name":"Banca di Credito Cooperativo di Basciano"},{"abi":"08150","name":"Banca di Credito Cooperativo di Carlopoli"},{"abi":"08154","name":"Banca di Credito Cooperativo del Cilento di Sassano e Valle di Diano e della Lucania"},{"abi":"08155","name":"Cassa Raiffeisen di Nalles"},{"abi":"08161","name":"Cassa Raiffeisen Nova Levante"},{"abi":"08175","name":"Cassa Raiffeisen di Parcines"},{"abi":"08182","name":"Cassa Raiffeisen Wipptal SCrl"},{"abi":"08183","name":"Cassa Raiffeisen Prato-tubre"},{"abi":"08187","name":"Cassa Rurale di Renon Raiffeisenkasse Ritten G M B H"},{"abi":"08189","name":"Banca di Credito Cooperativo della Valle del Trigno"},{"abi":"08201","name":"Cassa Raiffeisen di Rifiano Caines"},{"abi":"08210","name":"Cassa Rurale di Rovereto - Banca di Credito Cooperativo - Società Cooperativa"},{"abi":"08220","name":"Cassa Raiffeisen di Salorno"},{"abi":"08231","name":"Cassa Raiffeisen Val D'Ultimo"},{"abi":"08233","name":"Cassa Raiffeisen Sarentino"},{"abi":"08238","name":"Cassa Raiffeisen di Selva Gardena"},{"abi":"08255","name":"Cassa Raiffeisen Oltradige"},{"abi":"08273","name":"Cassa Raiffeisen di Tesimo"},{"abi":"08277","name":"Cassa Raiffeisen di Tires"},{"abi":"08278","name":"Cassa Raiffeisen Tirolo"},{"abi":"08284","name":"Banca di Credito Cooperativo dell'Oltrepo Pavese"},{"abi":"08285","name":"Cassa Raiffeisen Tures Aurina"},{"abi":"08295","name":"Cassa Raiffeisen di Vandoies"},{"abi":"08302","name":"Cassa Raiffeisen di Villabassa"},{"abi":"08307","name":"Cassa Raiffeisen della Vall'Isarco"},{"abi":"08309","name":"Bassano Banca - Credito Cooperativo di Romano e SCaterina"},{"abi":"08315","name":"Valpolicella Benaco Banca"},{"abi":"08322","name":"Banca Veronese Credito Cooperativo di Concamarise"},{"abi":"08324","name":"Banca di Credito Cooperativo Centropadana"},{"abi":"08325","name":"Banco Fiorentino - Mugello Impruneta Signa - Credito Cooperativo"},{"abi":"08327","name":"BCC di Roma"},{"abi":"08329","name":"BCC Brianza e Laghi Credito Cooperativo"},{"abi":"08341","name":"BCC Altofonte"},{"abi":"08345","name":"BCC di Anghiari e Stia"},{"abi":"08354","name":"BCC di Avetrana"},{"abi":"08356","name":"BCC Pordenonese e Monsile"},{"abi":"08358","name":"Banca di Pescia e Cascina Credito Cooperativo"},{"abi":"08361","name":"BCC del Tubenna"},{"abi":"08362","name":"BCC di Arborea"},{"abi":"08378","name":"Banca di Credito Cooperativo Campania Centro Cassa Rurale ed Artigiana Soc Coop"},{"abi":"08381","name":"BCC di Bellegra"},{"abi":"08386","name":"C R A di Binasco"},{"abi":"08399","name":"C R A di Brendola Credito Cooperativo"},{"abi":"08404","name":"BCC di Busto Garolfo"},{"abi":"08409","name":"BCC di Buonabitacolo"},{"abi":"08416","name":"Banca di Verona Credito Cooperativo Cadidavid"},{"abi":"08425","name":"Banca Cambiano 1884 - SPA"},{"abi":"08427","name":"Credito Cooperativo Fiorentino - Campi Bisenzio"},{"abi":"08430","name":"C R A di Cantù"},{"abi":"08431","name":"Banca di Credito Cooperativo di Capaccio Paestum e Serino Società Cooperativa"},{"abi":"08434","name":"BCC Abruzzese di Cappelle Sul Tavo"},{"abi":"08437","name":"BCC del Basso Sebino"},{"abi":"08440","name":"BCC di Carate Brianza"},{"abi":"08441","name":"Credito Cooperativo di Caravaggio Adda e Cremasco - Cassa Rurale"},{"abi":"08445","name":"BCC di Terra D’Otranto"},{"abi":"08450","name":"Banca Alpi Marittime Credito Cooperativo Carru"},{"abi":"08451","name":"BCC di Casalgrasso e del Carmagnolese"},{"abi":"08452","name":"Banca di Credito Cooperativo di Venezia Padova e Rovigo - Banca Annia SC"},{"abi":"08453","name":"Banca di Credito Cooperativo di Milano - Soc Coop"},{"abi":"08454","name":"Credito Padano Banca di Credito Cooperativo Soc Coop"},{"abi":"08456","name":"Banca dei Sibillini Credito Cooperativo di Casavecchia"},{"abi":"08457","name":"Credito Cooperativo Valdarno Fiorentino Banca di Cascia - Societa'Cooperativa"},{"abi":"08460","name":"Banca di Credito Cooperativo di Cassano delle Murge e Tolve - Società Cooperativa"},{"abi":"08461","name":"Banca di Credito Cooperativo di Castagneto Carducci - Società Cooperativa Per Azioni"},{"abi":"08465","name":"BCC di Castel Gandolfo"},{"abi":"08467","name":"BCC del Polesine Occidentale"},{"abi":"08469","name":"C R A di Castellana Grotte"},{"abi":"08473","name":"BCC di Castiglione Messer Raimondo e Pianella"},{"abi":"08474","name":"Banca del Piceno Credito Cooperativo Società Cooperativa"},{"abi":"08481","name":"Cereabanca 1897"},{"abi":"08489","name":"Banca Valdichiana Credito Cooperativo di Chiusi e Montepulciano"},{"abi":"08492","name":"BCC di Cittanova"},{"abi":"08511","name":"Cortinabanca Credito Cooperativo Societa'Cooperativa"},{"abi":"08514","name":"Banca di Credito Cooperativo dell’Oglio e del Serio SC"},{"abi":"08515","name":"Banca Valsassina Cred Coop"},{"abi":"08519","name":"BCC di Fano"},{"abi":"08527","name":"BCC di Castiglione Messer Marino"},{"abi":"08530","name":"BCC D'Alba Langhe Roero e del Canavese"},{"abi":"08537","name":"C R A di Erchie"},{"abi":"08542","name":"Cred Coop Ravennate Forlivese e Imolese"},{"abi":"08549","name":"Banca di Filottrano Credito Cooperativo di Filottrano e di Camerano Società Cooperativa"},{"abi":"08554","name":"BCC di Gaudiano di Lavello"},{"abi":"08562","name":"Banca di Pisa e Fornacette Credito Cooperativo Soc Coop Per Azioni"},{"abi":"08572","name":"BCC di Gambatesa"},{"abi":"08575","name":"BCC dell’Agro Bresciano"},{"abi":"08595","name":"Banca del Crotonese Cred Coop"},{"abi":"08597","name":"BCC Basilicata Credito Cooperativo di Laurenzana e Comuni Lucani"},{"abi":"08600","name":"BCC di Lepreno"},{"abi":"08601","name":"BCC Valle del Torto"},{"abi":"08603","name":"BCC di Leverano"},{"abi":"08606","name":"BCC di Canosa Loconia"},{"abi":"08618","name":"BCC di Lezzeno"},{"abi":"08623","name":"Banco Cooperativo Emiliano - Credito Cooperativo - Società Cooperativa"},{"abi":"08637","name":"Primacassa - Credito Cooperativo Fvg - Società Cooperativa"},{"abi":"08638","name":"BCC Romagna Centro SCrl Martorano di Cesena"},{"abi":"08646","name":"BCC di Minerbio"},{"abi":"08652","name":"BCC del Trasimeno"},{"abi":"08657","name":"Banca di Palermo SPA"},{"abi":"08673","name":"Chiantibanca Credito Cooperativo - Società Cooperativa"},{"abi":"08676","name":"BCC del Garda - Banca di Credito Cooperativo Colli Morenici del Garda"},{"abi":"08679","name":"BCC di Mozzanica"},{"abi":"08688","name":"BCC di Marina di Ginosa"},{"abi":"08693","name":"BCC di Nettuno"},{"abi":"08697","name":"BCC Civitella Moio della Civitella"},{"abi":"08700","name":"BCC del Metauro"},{"abi":"08701","name":"BCC di Orsago"},{"abi":"08704","name":"BCC di Ostra e Morro D’Alba"},{"abi":"08705","name":"BCC di Ostra Vetere"},{"abi":"08706","name":"BCC di Ostuni"},{"abi":"08708","name":"BCC di Oppido Lucano e Ripacandida"},{"abi":"08711","name":"Cassa Rurale ed Artigiana Carlo De Cardona"},{"abi":"08713","name":"BCC di Pachino"},{"abi":"08715","name":"BCC di Udine e Bressa"},{"abi":"08717","name":"C R A di Paliano"},{"abi":"08720","name":"BCC di Pedemonte"},{"abi":"08724","name":"BCC di Piazze"},{"abi":"08726","name":"BCC della Versilia della Lunigiana e Garfagnana"},{"abi":"08728","name":"Banca Patavina Credito Cooperativo di Sant’Elena e Piove di Sacco - Società Cooperativa"},{"abi":"08731","name":"Banca di Credito Cooperativo di Pergola e Corinaldo Società Cooperativa"},{"abi":"08732","name":"BCC Vicentino di Pojana Maggiore"},{"abi":"08736","name":"BCC di Pontassieve"},{"abi":"08738","name":"C R A dell’Agro Pontino"},{"abi":"08747","name":"BCC di Pratola Peligna"},{"abi":"08749","name":"Centromarca Banca Credito Cooperativo di Treviso"},{"abi":"08765","name":"BCC di Recanati e Colmurano"},{"abi":"08769","name":"BCC di Ripatransone"},{"abi":"08770","name":"C R A di Rivarolo Mantovano"},{"abi":"08772","name":"C R A di Roana"},{"abi":"08787","name":"Banca di Credito Cooperativo della Provincia Romana"},{"abi":"08800","name":"BCC San Biagio Platani"},{"abi":"08806","name":"BCC San Giorgio di Cesena"},{"abi":"08807","name":"Banca di S Giorgio Quinto Valle Agno Cred Coop"},{"abi":"08811","name":"BCC di San Giovanni Valdarno"},{"abi":"08826","name":"BCC di Pesaro"},{"abi":"08844","name":"Banca di Credito Cooperativo di Santeramo In Colle - Società Cooperativa"},{"abi":"08851","name":"Banca Terre Etrusche e di Maremma Credito Cooperativo"},{"abi":"08855","name":"BCC di SCafati e Cetara"}]}